Region,State
Northeast Region,Connecticut
Northeast Region,Maine
Northeast Region,Massachusetts
Northeast Region,New Hampshire
Northeast Region,Rhode Island
Northeast Region,Vermont
Northeast Region,New Jersey
Northeast Region,New York
Northeast Region,Pennsylvania
Midwest Region,Illinois
Midwest Region,Indiana
Midwest Region,Michigan
Midwest Region,Ohio
Midwest Region,Wisconsin
Midwest Region,Iowa
Midwest Region,Kansas
Midwest Region,Minnesota
Midwest Region,Missouri
Midwest Region,Nebraska
Midwest Region,North Dakota
Midwest Region,South Dakota
South Region,Delaware
South Region,District of Columbia
South Region,Florida
South Region,Georgia
South Region,Maryland
South Region,North Carolina
South Region,South Carolina
South Region,Virginia
South Region,West Virginia
South Region,Alabama
South Region,Kentucky
South Region,Mississippi
South Region,Tennessee
South Region,Arkansas
South Region,Louisiana
South Region,Oklahoma
South Region,Texas
West Region,Arizona
West Region,Colorado
West Region,Idaho
West Region,Montana
West Region,Nevada
West Region,New Mexico
West Region,Utah
West Region,Wyoming
West Region,Alaska
West Region,California
West Region,Hawaii
West Region,Oregon
West Region,Washington
